Workbook

Sheet DB
A1: ID | B1: Título | C1: Gênero | D1: Ficção | E1: País | F1: Região | G1: Autor | H1: Ano de Publicação | I1: Séc | J1: Editora | K1: Sexo Autor | L1: Etnia | M1: Autor/Temática LGBTQIA+? | N1: Páginas | O1: Conclusão | P1: Nota
B2: A Droga da Obediência | C2: Infanto-Juvenil | D2: Sim | E2: Brasil | F2: América Latina | G2: Pedro Bandeira | H2: 1984 | I2: =IF(DB!$H2>1000,LEFT(DB!$H2,2)+1,LEFT(DB!$H2,1)+1) -> 20 | J2: Moderna | K2: M | L2: Branca | N2: 191 | O2: 43831 | P2: 3.5
B3: A Droga do Amor | C3: Infanto-Juvenil | D3: Sim | E3: Brasil | F3: América Latina | G3: Pedro Bandeira | H3: 1993 | I3: =IF(DB!$H3>1000,LEFT(DB!$H3,2)+1,LEFT(DB!$H3,1)+1) -> 20 | J3: Moderna | K3: M | L3: Branca | N3: 176 | O3: 43831 | P3: 3.5
B4: A Marca de uma Lágrima | C4: Infanto-Juvenil | D4: Sim | E4: Brasil | F4: América Latina | G4: Pedro Bandeira | H4: 1985 | I4: =IF(DB!$H4>1000,LEFT(DB!$H4,2)+1,LEFT(DB!$H4,1)+1) -> 20 | J4: Moderna | K4: M | L4: Branca | N4: 176 | O4: 43831 | P4: 3.5
B5: As Alegrias da Maternidade | C5: Romance | D5: Sim | E5: Nigéria | F5: África | G5: Buchi Emecheta | H5: 1979 | I5: =IF(DB!$H5>1000,LEFT(DB!$H5,2)+1,LEFT(DB!$H5,1)+1) -> 20 | J5: TAG | K5: F | L5: Negra | N5: 320 | O5: 43831 | P5: 5
B6: A Origem | C6: Romance | D6: Sim | E6: Estados Unidos | F6: América do Norte | G6: Dan Brown | H6: 2017 | I6: =IF(DB!$H6>1000,LEFT(DB!$H6,2)+1,LEFT(DB!$H6,1)+1) -> 21 | J6: Sextante | K6: M | L6: Branca | N6: 432 | O6: 43831 | P6: 4
B7: A Vida, o Universo e Tudo Mais | C7: Infanto-Juvenil | D7: Sim | E7: Reino Unido | F7: Europa | G7: Douglas Adams | H7: 1982 | I7: =IF(DB!$H7>1000,LEFT(DB!$H7,2)+1,LEFT(DB!$H7,1)+1) -> 20 | J7: Arqueiro | K7: M | L7: Branca | N7: 160 | O7: 43831 | P7: 3.5
B8: Fortaleza Digital | C8: Romance | D8: Sim | E8: Estados Unidos | F8: América do Norte | G8: Dan Brown | H8: 1998 | I8: =IF(DB!$H8>1000,LEFT(DB!$H8,2)+1,LEFT(DB!$H8,1)+1) -> 20 | J8: Sextante | K8: M | L8: Branca | N8: 336 | O8: 43831 | P8: 4
B9: A Volta ao Mundo em 80 dias | C9: Romance | D9: Sim | E9: França | F9: Europa | G9: Julio Verne | H9: 1872 | I9: =IF(DB!$H9>1000,LEFT(DB!$H9,2)+1,LEFT(DB!$H9,1)+1) -> 19 | J9: Zahar | K9: M | L9: Branca | N9: 240 | O9: 43831 | P9: 3.5
B10: O Código Da Vinci | C10: Romance | D10: Sim | E10: Estados Unidos | F10: América do Norte | G10: Dan Brown | H10: 2003 | I10: =IF(DB!$H10>1000,LEFT(DB!$H10,2)+1,LEFT(DB!$H10,1)+1) -> 21 | J10: Sextante | K10: M | L10: Branca | N10: 432 | O10: 43831 | P10: 4.5
B11: O Símbolo Perdido | C11: Romance | D11: Sim | E11: Estados Unidos | F11: América do Norte | G11: Dan Brown | H11: 2009 | I11: =IF(DB!$H11>1000,LEFT(DB!$H11,2)+1,LEFT(DB!$H11,1)+1) -> 21 | J11: Sextante | K11: M | L11: Branca | N11: 496 | O11: 43831 | P11: 3
B12: Ponto de Impacto | C12: Romance | D12: Sim | E12: Estados Unidos | F12: América do Norte | G12: Dan Brown | H12: 2001 | I12: =IF(DB!$H12>1000,LEFT(DB!$H12,2)+1,LEFT(DB!$H12,1)+1) -> 21 | J12: Sextante | K12: M | L12: Branca | N12: 448 | O12: 43831 | P12: 4
B13: Inferno | C13: Poesia Épica | D13: Sim | E13: Itália | F13: Europa | G13: Dante Alighieri | H13: 1320 | I13: =IF(DB!$H13>1000,LEFT(DB!$H13,2)+1,LEFT(DB!$H13,1)+1) -> 14 | J13: Nova Fronteira | K13: M | L13: Branca | N13: 176 | O13: 43831 | P13: 3.5
... B38: O Sol é Para Todos | C38: Romance | D38: Sim | E38: Estados Unidos | F38: América do Norte | G38: Harper Lee | H38: 1960 | I38: =IF(DB!$H38>1000,LEFT(DB!$H38,2)+1,LEFT(DB!$H38,1)+1) -> 20 | J38: José Olympio | K38: F | L38: Branca | N38: 350 | O38: 43831 | P38: 3
B39: Odisseia | C39: Poesia Épica | D39: Sim | E39: Grécia | F39: Europa | G39: Homero | H39: -700 | I39: -8 | J39: Nova Fronteira | K39: M | L39: Branca | N39: 424 | O39: 43831 | P39: 4.5
B40: Cama de Gato | C40: Romance | D40: Sim | E40: Estados Unidos | F40: América do Norte | G40: Kurt Vonnegut | H40: 1963 | I40: =IF(DB!$H40>1000,LEFT(DB!$H40,2)+1,LEFT(DB!$H40,1)+1) -> 20 | J40: Aleph | K40: M | L40: Branca | N40: 280 | O40: 43831 | P40: 3.5
B41: Triologia da Fundação | C41: Romance | D41: Sim | E41: Estados Unidos | F41: América do Norte | G41: Isaac Asimov | H41: 1951 | I41: =IF(DB!$H41>1000,LEFT(DB!$H41,2)+1,LEFT(DB!$H41,1)+1) -> 20 | J41: Aleph | K41: M | L41: Branca | N41: 880 | O41: 43831 | P41: 4.5
B42: Harry Potter e a Câmara Secreta | C42: Romance | D42: Sim | E42: Reino Unido | F42: Europa | G42: J. K. Rolling | H42: 1998 | I42: =IF(DB!$H42>1000,LEFT(DB!$H42,2)+1,LEFT(DB!$H42,1)+1) -> 20 | J42: Rocco | K42: F | L42: Branca | N42: 252 | O42: 43831 | P42: 4
B43: Harry Potter e a Ordem da Fênix | C43: Romance | D43: Sim | E43: Reino Unido | F43: Europa | G43: J. K. Rolling | H43: 2003 | I43: =IF(DB!$H43>1000,LEFT(DB!$H43,2)+1,LEFT(DB!$H43,1)+1) -> 21 | J43: Rocco | K43: F | L43: Branca | N43: 704 | O43: 43831 | P43: 3.5
B44: Harry Potter e a Pedra Filosofal | C44: Romance | D44: Sim | E44: Reino Unido | F44: Europa | G44: J. K. Rolling | H44: 1997 | I44: =IF(DB!$H44>1000,LEFT(DB!$H44,2)+1,LEFT(DB!$H44,1)+1) -> 20 | J44: Rocco | K44: F | L44: Branca | N44: 224 | O44: 43831 | P44: 4.5
B45: Harry Potter e As Relíquias da Morte | C45: Romance | D45: Sim | E45: Reino Unido | F45: Europa | G45: J. K. Rolling | H45: 2007 | I45: =IF(DB!$H45>1000,LEFT(DB!$H45,2)+1,LEFT(DB!$H45,1)+1) -> 21 | J45: Rocco | K45: F | L45: Branca | N45: 592 | O45: 43831 | P45: 5
B46: Harry Potter e o Cálice de Fogo | C46: Romance | D46: Sim | E46: Reino Unido | F46: Europa | G46: J. K. Rolling | H46: 2000 | I46: =IF(DB!$H46>1000,LEFT(DB!$H46,2)+1,LEFT(DB!$H46,1)+1) -> 21 | J46: Rocco | K46: F | L46: Branca | N46: 584 | O46: 43831 | P46: 4
B47: Harry Potter e o Enigma do Príncipe | C47: Romance | D47: Sim | E47: Reino Unido | F47: Europa | G47: J. K. Rolling | H47: 2005 | I47: =IF(DB!$H47>1000,LEFT(DB!$H47,2)+1,LEFT(DB!$H47,1)+1) -> 21 | J47: Rocco | K47: F | L47: Branca | N47: 472 | O47: 43831 | P47: 5
B48: Harry Potter e O Prisioneiro de Azkaban | C48: Romance | D48: Sim | E48: Reino Unido | F48: Europa | G48: J. K. Rolling | H48: 1999 | I48: =IF(DB!$H48>1000,LEFT(DB!$H48,2)+1,LEFT(DB!$H48,1)+1) -> 20 | J48: Rocco | K48: F | L48: Branca | N48: 394 | O48: 43831 | P48: 3.5
B49: A Náusea | C49: Filosofia | D49: Sim | E49: França | F49: Europa | G49: Jean-Paul Sartre | H49: 1938 | I49: =IF(DB!$H49>1000,LEFT(DB!$H49,2)+1,LEFT(DB!$H49,1)+1) -> 20 | J49: Nova Fronteira | K49: M | L49: Branca | N49: 204 | O49: 43831 | P49: 5
B50: O Aleph e Outras Histórias | C50: Contos | D50: Sim | E50: Argentina | F50: América Latina | G50: Jorge Luis Borges | H50: 1945 | I50: =IF(DB!$H50>1000,LEFT(DB!$H50,2)+1,LEFT(DB!$H50,1)+1) -> 20 | J50: Companhia das Letras | K50: M | L50: Branca | N50: 160 | O50: 43831 | P50: 4
B51: O Evangelho Segundo Jesus Cristo | C51: Romance | D51: Sim | E51: Portugal | F51: Europa | G51: José Saramago | H51: 1991 | I51: =IF(DB!$H51>1000,LEFT(DB!$H51,2)+1,LEFT(DB!$H51,1)+1) -> 20 | J51: Companhia das Letras | K51: M | L51: Branca | N51: 448 | O51: 43831 | P51: 4.5
... B58: Grandes Gregos | C58: Infanto-Juvenil | D58: Não | E58: Reino Unido | F58: Europa | G58: Terry Deary | H58: 1996 | I58: =IF(DB!$H58>1000,LEFT(DB!$H58,2)+1,LEFT(DB!$H58,1)+1) -> 20 | J58: Melhoramentos | K58: M | L58: Branca | N58: 128 | O58: 43831 | P58: 4
B59: Ilíada | C59: Poesia Épica | D59: Sim | E59: Grécia | F59: Europa | G59: Homero | H59: -700 | I59: -8 | J59: Nova Fronteira | K59: M | L59: Branca | N59: 536 | O59: 43831 | P59: 4.5
B60: Incríveis Incas | C60: Infanto-Juvenil | D60: Não | E60: Reino Unido | F60: Europa | G60: Terry Deary | H60: 2000 | I60: =IF(DB!$H60>1000,LEFT(DB!$H60,2)+1,LEFT(DB!$H60,1)+1) -> 21 | J60: Melhoramentos | K60: M | L60: Branca | N60: 127 | O60: 43831 | P60: 4
B61: Inferno | C61: Romance | D61: Sim | E61: Estados Unidos | F61: América do Norte | G61: Dan Brown | H61: 2013 | I61: =IF(DB!$H61>1000,LEFT(DB!$H61,2)+1,LEFT(DB!$H61,1)+1) -> 21 | J61: Sextante | K61: M | L61: Branca | N61: 448 | O61: 43831 | P61: 4.5
B62: Arthur e a Cidade Proibida | C62: Infanto-Juvenil | D62: Sim | E62: França | F62: Europa | G62: Luc Besson | H62: 2003 | I62: =IF(DB!$H62>1000,LEFT(DB!$H62,2)+1,LEFT(DB!$H62,1)+1) -> 21 | J62: Martins Fontes | K62: M | L62: Branca | N62: 215 | O62: 43831 | P62: 3.5
B63: Arthur e a Guerra dos Dois Mundos | C63: Infanto-Juvenil | D63: Sim | E63: França | F63: Europa | G63: Luc Besson | H63: 2005 | I63: =IF(DB!$H63>1000,LEFT(DB!$H63,2)+1,LEFT(DB!$H63,1)+1) -> 21 | J63: Martins Fontes | K63: M | L63: Branca | N63: 277 | O63: 43831 | P63: 3.5
B64: Arthur e a Vingança de Maltazard | C64: Infanto-Juvenil | D64: Sim | E64: França | F64: Europa | G64: Luc Besson | H64: 2004 | I64: =IF(DB!$H64>1000,LEFT(DB!$H64,2)+1,LEFT(DB!$H64,1)+1) -> 21 | J64: Martins Fontes | K64: M | L64: Branca | N64: 214 | O64: 43831 | P64: 3.5
B65: Arthur e os Minimoys | C65: Infanto-Juvenil | D65: Sim | E65: França | F65: Europa | G65: Luc Besson | H65: 2002 | I65: =IF(DB!$H65>1000,LEFT(DB!$H65,2)+1,LEFT(DB!$H65,1)+1) -> 21 | J65: Martins Fontes | K65: M | L65: Branca | N65: 255 | O65: 43831 | P65: 3.5
B66: Isaac Newton e Sua Maçã | C66: Infanto-Juvenil | D66: Não | E66: Reino Unido | F66: Europa | G66: Kjartan Poskitt | H66: 1999 | I66: =IF(DB!$H66>1000,LEFT(DB!$H66,2)+1,LEFT(DB!$H66,1)+1) -> 20 | J66: Companhia das Letras | K66: M | L66: Branca | N66: 192 | O66: 43831 | P66: 4
B67: Jogos Vorazes | C67: Romance | D67: Sim | E67: Estados Unidos | F67: América do Norte | G67: Suzanne Collins | H67: 2008 | I67: =IF(DB!$H67>1000,LEFT(DB!$H67,2)+1,LEFT(DB!$H67,1)+1) -> 21 | J67: Rocco | K67: F | L67: Branca | N67: 400 | O67: 43831 | P67: 4.5
B68: O Alienista | C68: Contos | D68: Sim | E68: Brasil | F68: América Latina | G68: Machado de Assis | H68: 1882 | I68: =IF(DB!$H68>1000,LEFT(DB!$H68,2)+1,LEFT(DB!$H68,1)+1) -> 19 | J68: Antofágica | K68: M | L68: Negra | N68: 304 | O68: 43831 | P68: 5
B69: Leonardo Da Vinci e Seu Super Cérebro | C69: Infanto-Juvenil | D69: Não | E69: Reino Unido | F69: Europa | G69: Michael Cox | H69: 2000 | I69: =IF(DB!$H69>1000,LEFT(DB!$H69,2)+1,LEFT(DB!$H69,1)+1) -> 21 | J69: Companhia das Letras | K69: M | L69: Branca | N69: 176 | O69: 43831 | P69: 4
B70: O Contos da Aia | C70: Romance | D70: Sim | E70: Canadá | F70: América do Norte | G70: Margaret Atwood | H70: 1985 | I70: =IF(DB!$H70>1000,LEFT(DB!$H70,2)+1,LEFT(DB!$H70,1)+1) -> 20 | J70: Rocco | K70: F | L70: Branca | N70: 368 | O70: 43831 | P70: 3.5
B71: Medo Clássico - H. P. Lovecraft | C71: Contos | D71: Sim | E71: Estados Unidos | F71: América do Norte | G71: H.P. Lovecraft | H71: 1930 | I71: =IF(DB!$H71>1000,LEFT(DB!$H71,2)+1,LEFT(DB!$H71,1)+1) -> 20 | J71: Darkside | K71: M | L71: Branca | N71: 416 | O71: 43831 | P71: 3
... B192: Bioshock: Rapture | C192: Romance | D192: Sim | E192: Estados Unidos | F192: América do Norte | G192: John Shirley | H192: 2011 | I192: =IF(DB!$H192>1000,LEFT(DB!$H192,2)+1,LEFT(DB!$H192,1)+1) -> 21 | J192: Novo Século | K192: M | L192: Branca | N192: 408 | O192: 43840 | P192: 3.5
B193: 1984 | C193: Romance | D193: Sim | E193: Reino Unido | F193: Europa | G193: George Orwell | H193: 1949 | I193: =IF(DB!$H193>1000,LEFT(DB!$H193,2)+1,LEFT(DB!$H193,1)+1) -> 20 | J193: Companhia das Letras | K193: M | L193: Branca | N193: 416 | O193: 43841 | P193: 5
B194: Capitães da Areia | C194: Romance | D194: Sim | E194: Brasil | F194: América Latina | G194: Jorge Amado | H194: 1937 | I194: =IF(DB!$H194>1000,LEFT(DB!$H194,2)+1,LEFT(DB!$H194,1)+1) -> 20 | J194: Companhia das Letras | K194: M | L194: Branca | N194: 296 | O194: 43915 | P194: 4
B195: Sobre os Ossos dos Mortos | C195: Romance | D195: Sim | E195: Polônia | F195: Europa | G195: Olga Tokarczuk | H195: 2009 | I195: =IF(DB!$H195>1000,LEFT(DB!$H195,2)+1,LEFT(DB!$H195,1)+1) -> 21 | J195: Todavia | K195: F | L195: Branca | N195: 256 | O195: 43930 | P195: 3.5
B196: Terra Sonâmbula | C196: Romance | D196: Sim | E196: Moçambique | F196: África | G196: Mia Couto | H196: 1992 | I196: =IF(DB!$H196>1000,LEFT(DB!$H196,2)+1,LEFT(DB!$H196,1)+1) -> 20 | J196: Companhia das Letras | K196: M | L196: Branca | N196: 208 | O196: 43935 | P196: 4.5
B197: A Casa dos Espíritos | C197: Romance | D197: Sim | E197: Chile | F197: América Latina | G197: Isabel Allende | H197: 1982 | I197: =IF(DB!$H197>1000,LEFT(DB!$H197,2)+1,LEFT(DB!$H197,1)+1) -> 20 | J197: Bertrand Brasil | K197: F | L197: Branca | N197: 448 | O197: 43950 | P197: 4.5
B198: Os Vestígios do Dia | C198: Romance | D198: Sim | E198: Japão | F198: Ásia | G198: Kazuo Ishiguro | H198: 1989 | I198: =IF(DB!$H198>1000,LEFT(DB!$H198,2)+1,LEFT(DB!$H198,1)+1) -> 20 | J198: Companhia das Letras | K198: M | L198: Branca | N198: 288 | O198: 43959 | P198: 3.5
B199: Matadouro 5 | C199: Romance | D199: Sim | E199: Estados Unidos | F199: América do Norte | G199: Kurt Vonnegut | H199: 1969 | I199: =IF(DB!$H199>1000,LEFT(DB!$H199,2)+1,LEFT(DB!$H199,1)+1) -> 20 | J199: Intrínseca | K199: M | L199: Branca | N199: 288 | O199: 43967 | P199: 3.5
B200: O Apanhador no Campo de Centeio | C200: Romance | D200: Sim | E200: Estados Unidos | F200: América do Norte | G200: J.D. Salinger | H200: 1951 | I200: =IF(DB!$H200>1000,LEFT(DB!$H200,2)+1,LEFT(DB!$H200,1)+1) -> 20 | J200: Todavia | K200: M | L200: Branca | N200: 256 | O200: 43972 | P200: 4
B201: O Amor nos Tempos do Cólera | C201: Romance | D201: Sim | E201: Colômbia | F201: América Latina | G201: Gabriel García Márquez | H201: 1985 | I201: =IF(DB!$H201>1000,LEFT(DB!$H201,2)+1,LEFT(DB!$H201,1)+1) -> 20 | J201: Record | K201: M | L201: Branca | N201: 400 | O201: 43984 | P201: 4
B202: Caçando Carneiros | C202: Romance | D202: Sim | E202: Japão | F202: Ásia | G202: Haruki Murakami | H202: 1982 | I202: =IF(DB!$H202>1000,LEFT(DB!$H202,2)+1,LEFT(DB!$H202,1)+1) -> 20 | J202: Alfaguara | K202: M | L202: Branca | N202: 336 | O202: 44003 | P202: 3.5
B203: As Intermitências da Morte | C203: Romance | D203: Sim | E203: Portugal | F203: Europa | G203: José Saramago | H203: 2005 | I203: =IF(DB!$H203>1000,LEFT(DB!$H203,2)+1,LEFT(DB!$H203,1)+1) -> 21 | J203: Companhia das Letras | K203: M | L203: Branca | N203: 208 | O203: 44007 | P203: 4.5
B204: David Coperfield, Vol I | C204: Romance | D204: Sim | E204: Reino Unido | F204: Europa | G204: Charles Dickens | H204: 1850 | I204: =IF(DB!$H204>1000,LEFT(DB!$H204,2)+1,LEFT(DB!$H204,1)+1) -> 19 | J204: Nova Fronteira | K204: M | L204: Branca | N204: 462 | O204: 44044 | P204: 3.5
B205: Grande Sertão, Veredas | C205: Romance | D205: Sim | E205: Brasil | F205: América Latina | G205: Guimarães Rosa | H205: 1956 | I205: =IF(DB!$H205>1000,LEFT(DB!$H205,2)+1,LEFT(DB!$H205,1)+1) -> 20 | J205: Companhia das Letras | K205: M | L205: Branca | N205: 560 | O205: 44088 | P205: 5
... B209: A Morte de Ivan Ilitch | C209: Romance | D209: Sim | E209: Rússia | F209: Ásia | G209: Tolstoi | H209: 1886 | I209: =IF(DB!$H209>1000,LEFT(DB!$H209,2)+1,LEFT(DB!$H209,1)+1) -> 19 | J209: Antofágica | K209: M | L209: Branca | N209: 312 | O209: 44125 | P209: 4
B210: Outros Jeitos de Usar a Boca | C210: Poesia | D210: Não | E210: Índia | F210: Ásia | G210: Rupi Kaur | H210: 2014 | I210: =IF(DB!$H210>1000,LEFT(DB!$H210,2)+1,LEFT(DB!$H210,1)+1) -> 21 | J210: Planeta Brasil | K210: F | N210: 208 | O210: 44126 | P210: 4.5
B211: Mrs. Dalloway | C211: Romance | D211: Sim | E211: Reino Unido | F211: Europa | G211: Virginia Woolf | H211: 1925 | I211: =IF(DB!$H211>1000,LEFT(DB!$H211,2)+1,LEFT(DB!$H211,1)+1) -> 20 | J211: Antofágica | K211: F | L211: Branca | M211: Sim | N211: 400 | O211: 44132 | P211: 4
B212: O Nosso Reino | C212: Romance | D212: Sim | E212: Portugal | F212: Europa | G212: Valter Hugo Mãe | H212: 2004 | I212: =IF(DB!$H212>1000,LEFT(DB!$H212,2)+1,LEFT(DB!$H212,1)+1) -> 21 | J212: Biblioteca Azul | K212: M | L212: Branca | N212: 184 | O212: 44142 | P212: 3.5
B213: David Coperfield, Vol II | C213: Romance | D213: Sim | E213: Reino Unido | F213: Europa | G213: Charles Dickens | H213: 1850 | I213: =IF(DB!$H213>1000,LEFT(DB!$H213,2)+1,LEFT(DB!$H213,1)+1) -> 19 | J213: Nova Fronteira | K213: M | L213: Branca | N213: 445 | O213: 44160 | P213: 3
B214: Memórias Póstumas de Brás Cubas | C214: Romance | D214: Sim | E214: Brasil | F214: América Latina | G214: Machado de Assis | H214: 1881 | I214: =IF(DB!$H214>1000,LEFT(DB!$H214,2)+1,LEFT(DB!$H214,1)+1) -> 19 | J214: Antofágica | K214: M | L214: Negra | N214: 480 | O214: 44172 | P214: 5
B215: Dom Casmurro | C215: Romance | D215: Sim | E215: Brasil | F215: América Latina | G215: Machado de Assis | H215: 1899 | I215: =IF(DB!$H215>1000,LEFT(DB!$H215,2)+1,LEFT(DB!$H215,1)+1) -> 19 | J215: Antofágica | K215: M | L215: Negra | N215: 464 | O215: 44192 | P215: 5
B216: A Mulher na Janela | C216: Romance | D216: Sim | E216: Estados Unidos | F216: América do Norte | G216: A.J. Finn | H216: 2018 | I216: =IF(DB!$H216>1000,LEFT(DB!$H216,2)+1,LEFT(DB!$H216,1)+1) -> 21 | J216: Arqueiro | K216: M | L216: Branca | N216: 352 | O216: 44211 | P216: 3.5
B217: O Vermelho e o Negro | C217: Romance | D217: Sim | E217: França | F217: Europa | G217: Stendhal | H217: 1830 | I217: =IF(DB!$H217>1000,LEFT(DB!$H217,2)+1,LEFT(DB!$H217,1)+1) -> 19 | J217: Nova Fronteira | K217: M | L217: Branca | N217: 512 | O217: 44222 | P217: 3.5
B218: Os Sofrimentos do Jovem Werther | C218: Romance | D218: Sim | E218: Alemanha | F218: Europa | G218: Goethe | H218: 1774 | I218: =IF(DB!$H218>1000,LEFT(DB!$H218,2)+1,LEFT(DB!$H218,1)+1) -> 18 | J218: Antofágica | K218: M | L218: Branca | N218: 264 | O218: 44228 | P218: 3.5
B219: Fausto, Vol I | C219: Poesia Épica | D219: Sim | E219: Alemanha | F219: Europa | G219: Goethe | H219: 1808 | I219: =IF(DB!$H219>1000,LEFT(DB!$H219,2)+1,LEFT(DB!$H219,1)+1) -> 19 | J219: Editora 34 | K219: M | L219: Branca | N219: 552 | O219: 44244 | P219: 4.5
B220: Fausto, Vol II | C220: Poesia Épica | D220: Sim | E220: Alemanha | F220: Europa | G220: Goethe | H220: 1832 | I220: =IF(DB!$H220>1000,LEFT(DB!$H220,2)+1,LEFT(DB!$H220,1)+1) -> 19 | J220: Editora 34 | K220: M | L220: Branca | N220: 1085 | O220: 44250 | P220: 4.5
B221: Story | C221: Artes | D221: Não | E221: Estados Unidos | F221: América do Norte | G221: Robert Mckee | H221: 1997 | I221: =IF(DB!$H221>1000,LEFT(DB!$H221,2)+1,LEFT(DB!$H221,1)+1) -> 20 | J221: Arte e Letra | K221: M | L221: Branca | N221: 430 | O221: 44260 | P221: 4
B222: Torto Arado | C222: Romance | D222: Sim | E222: Brasil | F222: América Latina | G222: Itamar Vieira Júnior | H222: 2019 | I222: =IF(DB!$H222>1000,LEFT(DB!$H222,2)+1,LEFT(DB!$H222,1)+1) -> 21 | J222: Todavia | K222: M | L222: Negra | N222: 264 | O222: 44265 | P222: 5
B223: Os Irmãos Karamázov | C223: Romance | D223: Sim | E223: Rússia | F223: Ásia | G223: Fiódor Dostoiévski | H223: 1880 | I223: =IF(DB!$H223>1000,LEFT(DB!$H223,2)+1,LEFT(DB!$H223,1)+1) -> 19 | J223: Martin Claret | K223: M | L223: Branca | N223: 911 | O223: 44282 | P223: 4.5
... B259: Ficção 2006-2014 | C259: Romance | D259: Sim | E259: Chile | F259: América Latina | G259: Alejandro Zambra | H259: 2021 | I259: =IF(DB!$H259>1000,LEFT(DB!$H259,2)+1,LEFT(DB!$H259,1)+1) -> 21 | J259: Companhia das Letras | K259: M | L259: Branca | N259: 560 | O259: 44703 | P259: 5
B260: Sobre a Terra Somos Belos por Um Instante | C260: Romance | D260: Sim | E260: Estados Unidos | F260: América do Norte | G260: Ocean Vuong | H260: 2021 | I260: =IF(DB!$H260>1000,LEFT(DB!$H260,2)+1,LEFT(DB!$H260,1)+1) -> 21 | J260: Rocco | K260: M | L260: Branca | M260: Sim | N260: 224 | O260: 44714 | P260: 4
B261: A Amiga Genial | C261: Romance | D261: Sim | E261: Itália | F261: Europa | G261: Elena Ferrante | H261: 2011 | I261: =IF(DB!$H261>1000,LEFT(DB!$H261,2)+1,LEFT(DB!$H261,1)+1) -> 21 | J261: Biblioteca Azul | K261: F | L261: - | N261: 336 | O261: 44729 | P261: 3.5
B262: Homens Imprudentemente Poéticos | C262: Romance | D262: Sim | E262: Portugal | F262: Europa | G262: Valter Hugo Mãe | H262: 2016 | I262: =IF(DB!$H262>1000,LEFT(DB!$H262,2)+1,LEFT(DB!$H262,1)+1) -> 21 | J262: Biblioteca Azul | K262: M | L262: Branca | N262: 192 | O262: 44738 | P262: 3.5
B263: Macunaíma | C263: Romance | D263: Sim | E263: Brasil | F263: América Latina | G263: Mário de Andrade | H263: 1928 | I263: =IF(DB!$H263>1000,LEFT(DB!$H263,2)+1,LEFT(DB!$H263,1)+1) -> 20 | J263: Antofágica | K263: M | L263: Branca | N263: 352 | O263: 44763 | P263: 4
B264: Mensagem | C264: Poesia | D264: Sim | E264: Portugal | F264: Europa | G264: Fernando Pessoa | H264: 1934 | I264: =IF(DB!$H264>1000,LEFT(DB!$H264,2)+1,LEFT(DB!$H264,1)+1) -> 20 | J264: Clube de Literatura Clássica | K264: M | L264: Branca | N264: 96 | O264: 44764 | P264: 4.5
B265: Os Supridores | C265: Romance | D265: Sim | E265: Brasil | F265: América Latina | G265: José Falero | H265: 2020 | I265: =IF(DB!$H265>1000,LEFT(DB!$H265,2)+1,LEFT(DB!$H265,1)+1) -> 21 | J265: Todavia | K265: M | L265: Branca | N265: 304 | O265: 44771 | P265: 4.5
B266: Livro do Desassossego | C266: Romance | D266: SIm | E266: Portugal | F266: Europa | G266: Fernando Pessoa | H266: 1982 | I266: =IF(DB!$H266>1000,LEFT(DB!$H266,2)+1,LEFT(DB!$H266,1)+1) -> 20 | J266: Clube de Literatura Clássica | K266: M | L266: Branca | N266: 480 | O266: 44824 | P266: 5
B267: A Cachorra | C267: Romance | D267: Sim | E267: Colômbia | F267: América Latina | G267: Pilar Quintana | H267: 2017 | I267: =IF(DB!$H267>1000,LEFT(DB!$H267,2)+1,LEFT(DB!$H267,1)+1) -> 21 | J267: Intrínseca | K267: F | L267: Branca | N267: 160 | O267: 44832 | P267: 3.5
B268: Tudo é Rio | C268: Romance | D268: Sim | E268: Brasil | F268: América Latina | G268: Carla Madeira | H268: 2021 | I268: =IF(DB!$H268>1000,LEFT(DB!$H268,2)+1,LEFT(DB!$H268,1)+1) -> 21 | J268: Record | K268: F | L268: Branca | N268: 210 | O268: 44849 | P268: 4.5
B269: Conversas Entre Amigos | C269: Romance | D269: Sim | E269: Irlanda | F269: Europa | G269: Sally rooney | H269: 2017 | I269: =IF(DB!$H269>1000,LEFT(DB!$H269,2)+1,LEFT(DB!$H269,1)+1) -> 21 | J269: Companhia das Letras | K269: F | L269: Branca | M269: Sim | N269: 320 | O269: 44872 | P269: 3.5
B270: As Doenças do Brasil | C270: Romance | D270: Sim | E270: Portugal | F270: Europa | G270: Valter Hugo Mãe | H270: 2021 | I270: =IF(DB!$H270>1000,LEFT(DB!$H270,2)+1,LEFT(DB!$H270,1)+1) -> 21 | J270: Biblioteca Azul | K270: M | L270: Branca | N270: 208 | O270: 44874 | P270: 4.5
B271: Não Podes Caber em Palavra Alguma | C271: ? | D271: Não | E271: Brasil | F271: América Latina | G271: * | H271: 2021 | I271: =IF(DB!$H271>1000,LEFT(DB!$H271,2)+1,LEFT(DB!$H271,1)+1) -> 21 | J271: Biblioteca Azul | K271: - | L271: - | N271: 144 | O271: 44875 | P271: 4
B272: Léxico Familiar | C272: Autobiografia | D272: Não | E272: Itália | F272: Europa | G272: Natália Ginzburg | H272: 1963 | I272: =IF(DB!$H272>1000,LEFT(DB!$H272,2)+1,LEFT(DB!$H272,1)+1) -> 20 | J272: Companhia das Letras | K272: F | L272: Branca | N272: 256 | O272: 44905 | P272: 4.5
B273: Eu, Tituba | C273: Romance | D273: Sim | E273: Guadalupe | F273: América Latina | G273: Maryse Condé | H273: 1986 | I273: =IF(DB!$H273>1000,LEFT(DB!$H273,2)+1,LEFT(DB!$H273,1)+1) -> 20 | J273: Rosa dos Tempos | K273: F | L273: Negra | N273: 252 | O273: 44911 | P273: 4.5
B274: O Povo Brasileiro | C274: Sociologia | D274: Não | E274: Brasil | F274: América Latina | G274: Darcy Ribeiro | H274: 1995 | I274: =IF(DB!$H274>1000,LEFT(DB!$H274,2)+1,LEFT(DB!$H274,1)+1) -> 20 | J274: Global | K274: M | L274: Branca | N274: 368 | O274: 44939 | P274: 5
B275: Arlindo | C275: HQ | D275: Sim | E275: Brasil | F275: América Latina | G275: Ilustralu | H275: 2022 | I275: =IF(DB!$H275>1000,LEFT(DB!$H275,2)+1,LEFT(DB!$H275,1)+1) -> 21 | J275: Seguinte | K275: F | L275: Branca | M275: Sim | N275: 200 | O275: 45000 | P275: 3.5
B276: Poeta Chileno | C276: Romance | D276: Sim | E276: Chile | F276: América Latina | G276: Alejandro Zambra | H276: 2020 | I276: =IF(DB!$H276>1000,LEFT(DB!$H276,2)+1,LEFT(DB!$H276,1)+1) -> 21 | J276: Companhia das Letras | K276: M | L276: Branca | N276: 432 | O276: 45024 | P276: 5
B277: O Jogo da Amarelinha | C277: Romance | D277: Sim | E277: Argentina | F277: América Latina | G277: Julio Cortázar | H277: 1963 | I277: =IF(DB!$H277>1000,LEFT(DB!$H277,2)+1,LEFT(DB!$H277,1)+1) -> 20 | J277: Companhia das Letras | K277: M | L277: Branca | N277: 592 | O277: 45026 | P277: 4
B278: Iluminações/Um Tempo no Inferno | C278: Poesia | D278: Sim | E278: França | F278: Europa | G278: Arthur Rimbaud | H278: 1873 | I278: =IF(DB!$H278>1000,LEFT(DB!$H278,2)+1,LEFT(DB!$H278,1)+1) -> 19 | J278: Todavia | K278: M | L278: Branca | M278: Sim | N278: 264 | O278: 45033 | P278: 3.5
B279: Veinte Poemas de Amor y Uma Canción Desesperada | C279: Poesia | D279: Sim | E279: Chile | F279: América Latina | G279: Pablo Neruda | H279: 1924 | I279: =IF(DB!$H279>1000,LEFT(DB!$H279,2)+1,LEFT(DB!$H279,1)+1) -> 20 | J279: Seix Barral | K279: M | L279: Branca | N279: 56 | O279: 45063 | P279: 3.5
B280: Luxúria | C280: Romance | D280: Sim | E280: Estados Unidos | F280: América do Norte | G280: Raven Leilani | H280: 2020 | I280: =IF(DB!$H280>1000,LEFT(DB!$H280,2)+1,LEFT(DB!$H280,1)+1) -> 21 | J280: Companhia das Letras | K280: F | L280: Negra | N280: 232 | O280: 45094 | P280: 4
B281: Os Filhos da Palestina | C281: Contos | D281: Sim | E281: Palestina | F281: Oriente Médio | G281: Ghassan Kanafani | H281: 1969 | I281: =IF(DB!$H281>1000,LEFT(DB!$H281,2)+1,LEFT(DB!$H281,1)+1) -> 20 | J281: Lavra Palavra | K281: M | L281: Branca | N281: 248 | O281: 45166 | P281: 3.5
B282: Antologia Poética | C282: Poesia | D282: Sim | E282: Brasil | F282: América Latina | G282: Carlos Drummond de Andrade | H282: 1962 | I282: =IF(DB!$H282>1000,LEFT(DB!$H282,2)+1,LEFT(DB!$H282,1)+1) -> 20 | J282: Record | K282: M | L282: Branca | N282: 368 | O282: 45169 | P282: 4
B283: O Quarto de Giovanni | C283: Romance | D283: Sim | E283: Estados Unidos | F283: América do Norte | G283: James Baldwin | H283: 1956 | I283: =IF(DB!$H283>1000,LEFT(DB!$H283,2)+1,LEFT(DB!$H283,1)+1) -> 20 | J283: Companhia das Letras | K283: M | L283: Negra | M283: Sim | N283: 232 | O283: 45198 | P283: 4.5
B284: Moby Dick | C284: Romance | D284: Sim | E284: Estados Unidos | F284: América do Norte | G284: Herman Melville | H284: 1851 | I284: =IF(DB!$H284>1000,LEFT(DB!$H284,2)+1,LEFT(DB!$H284,1)+1) -> 19 | J284: Antofágica | K284: M | L284: Branca | N284: 752 | O284: 45212 | P284: 5
B285: Trinta Segundos Sem Pensar no Medo | C285: Autobiografia | D285: Não | E285: Brasil | F285: América Latina | G285: Pedro Pacífico | H285: 2023 | I285: =IF(DB!$H285>1000,LEFT(DB!$H285,2)+1,LEFT(DB!$H285,1)+1) -> 21 | J285: Intrínseca | K285: M | L285: Branca | M285: Sim | N285: 192 | O285: 45215 | P285: 3.5
B286: Quando Deixamos de Entender o Mundo | C286: Biografia Romanceada | D286: Sim | E286: Holanda | F286: Europa | G286: Benjamin Labatut | H286: 2019 | I286: =IF(DB!$H286>1000,LEFT(DB!$H286,2)+1,LEFT(DB!$H286,1)+1) -> 21 | J286: Todavia | K286: M | L286: Branca | N286: 176 | O286: 45221 | P286: 2.5
B287: Meu Ano de Descanso e Relaxamento | C287: Romance | D287: Sim | E287: Estados Unidos | F287: América do Norte | G287: Ottessa Moshfegh | H287: 2018 | I287: =IF(DB!$H287>1000,LEFT(DB!$H287,2)+1,LEFT(DB!$H287,1)+1) -> 21 | J287: Todavia | K287: F | L287: Branca | N287: 240 | O287: 45225 | P287: 4.5
B288: A Vida Pela Frente | C288: Romance | D288: Sim | E288: França | F288: Europa | G288: Romain Gary | H288: 1975 | I288: =IF(DB!$H288>1000,LEFT(DB!$H288,2)+1,LEFT(DB!$H288,1)+1) -> 20 | J288: Todavia | K288: M | L288: Branca | N288: 192 | O288: 45240 | P288: 3.5
...
